Bucket,Key,Last Modified,Size (bytes)
files-private.formstack.com,uploads/5583131/157401092/1183167570/157401092_1664532157527.pdf,2024-01-12T07:43:45+00:00,21187
files-private.formstack.com,uploads/5583131/157401092/1183179818/157401092_1664532157527.pdf,2024-01-12T08:48:33+00:00,21187
files-private.formstack.com,uploads/5583131/157401092/1183182275/157401092_1664532157527.pdf,2024-01-12T08:58:40+00:00,21187
files-private.formstack.com,uploads/5583131/157401092/1186836007/157401092_1664532157527.pdf,2024-01-23T06:35:33+00:00,21187
files-private.formstack.com,uploads/5583131/157401092/1186853459/157401092_sample_doc.pdf,2024-01-23T09:10:23+00:00,14000
files-private.formstack.com,uploads/5583131/157401092/1186853916/157401092_sample_doc.pdf,2024-01-23T09:13:26+00:00,14000
files-private.formstack.com,uploads/5583131/157401092/1187223389/157401092_1664532157527.pdf,2024-01-24T03:42:26+00:00,21187
files-private.formstack.com,uploads/5583131/157401092/1188035949/157401092_sample_doc.pdf,2024-01-26T09:29:02+00:00,14000
files-private.formstack.com,uploads/5583131/157401092/1189190579/157401092_sample_doc.pdf,2024-01-30T08:29:02+00:00,14000
files-private.formstack.com,uploads/5583131/157401092/1190405633/157401092_1664532157527.pdf,2024-02-02T07:33:18+00:00,21187
files-private.formstack.com,uploads/5583131/157401092/1194381169/157401092_dhcf_pdf_sample.pdf,2024-02-14T09:12:05+00:00,13976
files-private.formstack.com,uploads/5583131/157401092/1195856957/157401092_1664532157527.pdf,2024-02-19T03:10:14+00:00,21187
files-private.formstack.com,uploads/5583131/157401092/1196191114/157401092_love_21_company_registry_number_2024_-_lok_yan_kenneth_chan.pdf,2024-02-20T02:45:18+00:00,506099
files-private.formstack.com,uploads/5583131/157401092/1196194461/157401092_ghana_fafali_reg_cert_-_fafali_organization.pdf,2024-02-20T03:03:31+00:00,2006061
files-private.formstack.com,uploads/5583131/157401092/1198721413/157401092_tfsg_-_crm_demo.docx,2024-02-27T08:42:26+00:00,19236
files-private.formstack.com,uploads/5583131/157404468/1183167570/157404468_1664532157527.pdf,2024-01-12T07:43:45+00:00,21187
files-private.formstack.com,uploads/5583131/157404468/1183179818/157404468_1664532157527.pdf,2024-01-12T08:48:33+00:00,21187
files-private.formstack.com,uploads/5583131/157404468/1183182275/157404468_1664532157527.pdf,2024-01-12T08:58:40+00:00,21187
files-private.formstack.com,uploads/5583131/157404468/1186836007/157404468_1664532157527.pdf,2024-01-23T06:35:33+00:00,21187
files-private.formstack.com,uploads/5583131/157404468/1186853459/157404468_sample_doc.pdf,2024-01-23T09:10:23+00:00,14000
files-private.formstack.com,uploads/5583131/157404468/1186853916/157404468_sample_doc.pdf,2024-01-23T09:13:26+00:00,14000
files-private.formstack.com,uploads/5583131/157404468/1187223389/157404468_1664532157527.pdf,2024-01-24T03:42:26+00:00,21187
files-private.formstack.com,uploads/5583131/157404468/1188035949/157404468_sample_doc.pdf,2024-01-26T09:29:02+00:00,14000
files-private.formstack.com,uploads/5583131/157404468/1189190579/157404468_sample_doc.pdf,2024-01-30T08:29:02+00:00,14000
files-private.formstack.com,uploads/5583131/157404468/1190405633/157404468_1664532157527.pdf,2024-02-02T07:33:18+00:00,21187
files-private.formstack.com,uploads/5583131/157404468/1194381169/157404468_dhcf_pdf_sample.pdf,2024-02-14T09:12:06+00:00,13976
files-private.formstack.com,uploads/5583131/157404468/1195856957/157404468_1664532157527.pdf,2024-02-19T03:10:14+00:00,21187
files-private.formstack.com,uploads/5583131/157404468/1196191114/157404468_072_final_consolidated_gala_dinner_invite_2024_-_lok_yan_kenneth_chan.pdf,2024-02-20T02:45:20+00:00,2378229
files-private.formstack.com,uploads/5583131/157404468/1196194461/157404468_070_fafali_organization_concept_note.pdf,2024-02-20T03:03:32+00:00,505589
files-private.formstack.com,uploads/5583131/157404468/1196637378/157404468_tax_guide_for_charities.pdf,2024-02-21T09:09:20+00:00,171358
files-private.formstack.com,uploads/5583131/157404468/1198721413/157404468_floor_plan_1.pdf,2024-02-27T08:42:27+00:00,52596
files-private.formstack.com,uploads/5583131/157404791/1183167570/157404791_1664532157527.pdf,2024-01-12T07:43:45+00:00,21187
files-private.formstack.com,uploads/5583131/157404791/1183179818/157404791_1664532157527.pdf,2024-01-12T08:48:34+00:00,21187
files-private.formstack.com,uploads/5583131/157404791/1183182275/157404791_1664532157527.pdf,2024-01-12T08:58:41+00:00,21187
files-private.formstack.com,uploads/5583131/157404791/1186836007/157404791_1664532157527.pdf,2024-01-23T06:35:33+00:00,21187
files-private.formstack.com,uploads/5583131/157404791/1186853459/157404791_sample_doc.pdf,2024-01-23T09:10:23+00:00,14000
files-private.formstack.com,uploads/5583131/157404791/1186853916/157404791_sample_doc.pdf,2024-01-23T09:13:26+00:00,14000
files-private.formstack.com,uploads/5583131/157404791/1187223389/157404791_1664532157527.pdf,2024-01-24T03:42:27+00:00,21187
files-private.formstack.com,uploads/5583131/157404791/1188035949/157404791_sample_doc.pdf,2024-01-26T09:29:02+00:00,14000
files-private.formstack.com,uploads/5583131/157404791/1189190579/157404791_sample_doc.pdf,2024-01-30T08:29:02+00:00,14000
files-private.formstack.com,uploads/5583131/157404791/1190405633/157404791_1664532157527.pdf,2024-02-02T07:33:18+00:00,21187
files-private.formstack.com,uploads/5583131/157404791/1194381169/157404791_dhcf_pdf_sample.pdf,2024-02-14T09:12:06+00:00,13976
files-private.formstack.com,uploads/5583131/157404791/1195856957/157404791_1664532157527.pdf,2024-02-19T03:10:15+00:00,21187
files-private.formstack.com,uploads/5583131/157404791/1196191114/157404791_donation-applicant-declaration-form_2_-_lok_yan_kenneth_chan.pdf,2024-02-20T02:45:20+00:00,1892629
files-private.formstack.com,uploads/5583131/157404791/1196194461/157404791_donation-applicant-declaration-form-fafali_1_-_fafali_organization.pdf,2024-02-20T03:03:33+00:00,2103702
files-private.formstack.com,uploads/5583131/157404791/1196637378/157404791_dhcf_donation_applicant_declaration_form.pdf,2024-02-21T09:09:20+00:00,1820881
files-private.formstack.com,uploads/5583131/157404791/1198721413/157404791_floor_plan.pdf,2024-02-27T08:42:27+00:00,52596
files-private.formstack.com,uploads/5583131/160179477/1195856957/signature_160179477.png,2024-02-19T03:10:15+00:00,5207
files-private.formstack.com,uploads/5583131/160179477/1196191114/signature_160179477.png,2024-02-20T02:45:20+00:00,10387
files-private.formstack.com,uploads/5583131/160179477/1196194461/signature_160179477.png,2024-02-20T03:03:33+00:00,12433
files-private.formstack.com,uploads/5583131/160179477/1196637378/signature_160179477.png,2024-02-21T09:09:20+00:00,8252
files-private.formstack.com,uploads/5583131/160179477/1198721413/signature_160179477.png,2024-02-27T08:42:27+00:00,25814
files-private.formstack.com,uploads/5583131/160180071/1196191114/160180071_love_21_section_88_letter_updated_2024_-_lok_yan_kenneth_chan.pdf,2024-02-20T02:45:18+00:00,721028
files-private.formstack.com,uploads/5583131/160180071/1196194461/160180071_fafali_board_memberss_-_fafali_organization.docx,2024-02-20T03:03:31+00:00,76559
files-private.formstack.com,uploads/5583131/160180071/1198721413/160180071_tfsg_-_crm_demo.docx,2024-02-27T08:42:27+00:00,19236
files-private.formstack.com,uploads/5583131/160180127/1196191114/160180127_love_21_list_of_board_members_and_organization_structure_-_lok_yan_kenneth_chan.docx,2024-02-20T02:45:18+00:00,14902
files-private.formstack.com,uploads/5583131/160180127/1196194461/160180127_fafali_board_memberss_-_fafali_organization.docx,2024-02-20T03:03:31+00:00,76559
files-private.formstack.com,uploads/5583131/160180127/1198721413/160180127_tfsg_-_crm_demo.docx,2024-02-27T08:42:27+00:00,19236
files-private.formstack.com,uploads/5583131/160180175/1196191114/160180175_love_21_ceo_coo_-_lok_yan_kenneth_chan.docx,2024-02-20T02:45:19+00:00,17282
files-private.formstack.com,uploads/5583131/160180175/1196194461/160180175_fafali_executives_-_fafali_organization.docx,2024-02-20T03:03:32+00:00,76326
files-private.formstack.com,uploads/5583131/160180175/1198721413/160180175_tfsg_-_crm_demo.docx,2024-02-27T08:42:27+00:00,19236
files-private.formstack.com,uploads/5583131/160180177/1196191114/160180177_love-21-annual-report-2022-12-10-_-_lok_yan_kenneth_chan.pdf,2024-02-20T02:45:19+00:00,16287167
files-private.formstack.com,uploads/5583131/160180177/1196194461/160180177_fafali_2022_annual_report_1_1_-_fafali_organization.pdf,2024-02-20T03:03:32+00:00,7968280
files-private.formstack.com,uploads/5583131/160180177/1198721413/160180177_tfsg_-_crm_demo.docx,2024-02-27T08:42:27+00:00,19236
files-private.formstack.com,uploads/5583131/160180183/1196191114/160180183_love_21-afs-0323-signed_-_lok_yan_kenneth_chan.pdf,2024-02-20T02:45:20+00:00,186550
files-private.formstack.com,uploads/5583131/160180183/1196194461/160180183_fafali_2021_financial_statements_final_aha_signed1_-_fafali_organization.pdf,2024-02-20T03:03:32+00:00,379107
files-private.formstack.com,uploads/5583131/160180183/1198721413/160180183_tfsg_-_crm_demo.docx,2024-02-27T08:42:27+00:00,19236
files-private.formstack.com,uploads/5583131/161205719/1294762515/signature_161205719.png,2024-12-08T15:31:06+00:00,9218
files-private.formstack.com,uploads/5583131/161205719/1299733652/signature_161205719.png,2024-12-23T22:17:28+00:00,24657
files-private.formstack.com,uploads/5583131/161205719/1300293985/signature_161205719.png,2024-12-27T09:39:15+00:00,26364
files-private.formstack.com,uploads/5583131/161205719/1301781187/signature_161205719.png,2025-01-03T07:51:22+00:00,24710
files-private.formstack.com,uploads/5583131/161205719/1302475490/signature_161205719.png,2025-01-06T04:40:28+00:00,8972
files-private.formstack.com,uploads/5583131/161205719/1302499047/signature_161205719.png,2025-01-06T09:16:09+00:00,14980
files-private.formstack.com,uploads/5583131/161205719/1305043293/signature_161205719.png,2025-01-14T08:46:55+00:00,7458
files-private.formstack.com,uploads/5583131/161205719/1305760833/signature_161205719.png,2025-01-16T04:21:05+00:00,19133
files-private.formstack.com,uploads/5583131/161205719/1307223947/signature_161205719.png,2025-01-21T04:30:22+00:00,22502
files-private.formstack.com,uploads/5583131/161205719/1313403274/signature_161205719.png,2025-02-10T03:53:13+00:00,39602
files-private.formstack.com,uploads/5583131/161205719/1313450224/signature_161205719.png,2025-02-10T10:56:45+00:00,39602
files.formstack.com,uploads/5583131/,NO ITEMS FOUND,0
files-private.formstack.com,uploads/5593268/157766455/1230799248/157766455_upload_test.pdf,2024-05-31T10:28:14+00:00,9044
files-private.formstack.com,uploads/5593268/157766455/1234578556/157766455_dhcf_test_pdf.pdf,2024-06-12T07:38:13+00:00,14171
files-private.formstack.com,uploads/5593268/157766455/1234933584/157766455_registration_-_pmaa.pdf,2024-06-13T06:50:56+00:00,208572
files-private.formstack.com,uploads/5593268/157766455/1250569029/157766455_network_diagram_stage_for_on_site.pdf,2024-08-01T10:52:06+00:00,150099
files-private.formstack.com,uploads/5593268/157766455/1255380089/157766455_testing.pdf,2024-08-15T13:24:13+00:00,33681
files-private.formstack.com,uploads/5593268/157766455/1255387513/157766455_testing.pdf,2024-08-15T13:39:07+00:00,33681
files-private.formstack.com,uploads/5593268/157766455/1255453201/157766455_dhcf_test_pdf.pdf,2024-08-15T16:02:11+00:00,14171
files-private.formstack.com,uploads/5593268/157766455/1255462323/157766455_dhcf_test_pdf.pdf,2024-08-15T16:22:07+00:00,14171
files-private.formstack.com,uploads/5593268/157766455/1256595379/157766455_just_feel_s88_approval_-_anthony_ngai.pdf,2024-08-19T04:39:36+00:00,263301
files-private.formstack.com,uploads/5593268/157766455/1256993975/157766455_certification_of_incorporation_wkcd_foundation_-_lilian_tse.pdf,2024-08-20T02:14:53+00:00,195681
files-private.formstack.com,uploads/5593268/157766455/1257035020/157766455_soel__2023_-_life_qa_study_group.pdf,2024-08-20T07:39:27+00:00,148438
files-private.formstack.com,uploads/5593268/157766455/1257036484/157766455_spga_certificate_of_incorporation_-_.pdf,2024-08-20T07:51:58+00:00,168692
files-private.formstack.com,uploads/5593268/157766455/1257453290/157766455_test.pdf,2024-08-21T03:15:54+00:00,29080
files-private.formstack.com,uploads/5593268/157766455/1259730118/157766455_testing.pdf,2024-08-28T03:50:14+00:00,33681
files-private.formstack.com,uploads/5593268/157766455/1281592725/157766455___ci_cert.pdf,2024-10-31T07:34:47+00:00,266007
files-private.formstack.com,uploads/5593268/157766455/1286258647/157766455_appendix_1._certificate_of_incorporation_hkskhwc.pdf,2024-11-13T07:58:58+00:00,85209
files-private.formstack.com,uploads/5593268/157766455/1286262442/157766455_appendix_1._certificate_of_incorporation_hkskhwc.pdf,2024-11-13T08:32:20+00:00,85209
files-private.formstack.com,uploads/5593268/157766455/1299406738/157766455_--certificate_of_incorporation.pdf,2024-12-22T13:39:11+00:00,67343
files-private.formstack.com,uploads/5593268/157766455/1299814533/157766455_.pdf,2024-12-24T10:03:40+00:00,77768
files-private.formstack.com,uploads/5593268/157766455/1301516292/157766455_.pdf,2025-01-02T15:22:50+00:00,39785
files-private.formstack.com,uploads/5593268/157766455/1304992943/157766455_11._imc.pdf,2025-01-14T01:53:54+00:00,119879
files-private.formstack.com,uploads/5593268/157766455/1305787060/157766455_11.ba.pdf,2025-01-16T08:49:53+00:00,922807
files-private.formstack.com,uploads/5593268/157766455/1306190041/157766455_11.ba.pdf,2025-01-17T07:44:01+00:00,922807
files-private.formstack.com,uploads/5593268/157766480/1184832919/157766480_1664532157527.pdf,2024-01-17T09:26:24+00:00,21187
files-private.formstack.com,uploads/5593268/157766480/1184834931/157766480_1664532157527.pdf,2024-01-17T09:43:15+00:00,21187
files-private.formstack.com,uploads/5593268/157766480/1188760210/157766480_sample_doc.pdf,2024-01-29T05:39:40+00:00,14000
files-private.formstack.com,uploads/5593268/157766480/1189193554/157766480_sample_doc.pdf,2024-01-30T08:57:14+00:00,14000
files-private.formstack.com,uploads/5593268/157766480/1190414926/157766480_donation_application_form_general_applicant_a01.pdf,2024-02-02T08:43:52+00:00,434268
files-private.formstack.com,uploads/5593268/157766480/1194388223/157766480_dhcf_pdf_sample.pdf,2024-02-14T10:13:02+00:00,13976
files-private.formstack.com,uploads/5593268/157766480/1201304240/157766480_whatsapp_image_2024-01-17_at_10.20.27.jpeg,2024-03-05T03:00:18+00:00,250938
files-private.formstack.com,uploads/5593268/157766480/1201304654/157766480_pngtreeunity_hand_gesture_three_hands_5374150.png,2024-03-05T03:02:22+00:00,211429
files-private.formstack.com,uploads/5593268/160180084/1230799248/160180084_upload_test.pdf,2024-05-31T10:28:14+00:00,9044
files-private.formstack.com,uploads/5593268/160180084/1234576627/160180084_project_fire_-_form_a_application.pdf,2024-06-12T07:20:49+00:00,347840
files-private.formstack.com,uploads/5593268/160180084/1234578556/160180084_dhcf_test_doc.docx,2024-06-12T07:38:13+00:00,12000
files-private.formstack.com,uploads/5593268/160180084/1234933584/160180084_registration_-_pmaa.pdf,2024-06-13T06:50:56+00:00,208572
files-private.formstack.com,uploads/5593268/160180084/1250569029/160180084_network_diagram_stage_for_on_site.pdf,2024-08-01T10:52:06+00:00,150099
files-private.formstack.com,uploads/5593268/160180084/1255380089/160180084_testing.pdf,2024-08-15T13:24:13+00:00,33681
files-private.formstack.com,uploads/5593268/160180084/1255387513/160180084_testing.pdf,2024-08-15T13:39:07+00:00,33681
files-private.formstack.com,uploads/5593268/160180084/1255453201/160180084_dhcf_test_pdf.pdf,2024-08-15T16:02:12+00:00,14171
files-private.formstack.com,uploads/5593268/160180084/1255462323/160180084_dhcf_test_pdf.pdf,2024-08-15T16:22:07+00:00,14171
files-private.formstack.com,uploads/5593268/160180084/1256595379/160180084_just_feel_s88_approval_-_anthony_ngai.pdf,2024-08-19T04:39:36+00:00,263301
files-private.formstack.com,uploads/5593268/160180084/1256993975/160180084_certification_of_incorporation_wkcd_foundation_-_lilian_tse.pdf,2024-08-20T02:14:53+00:00,195681
files-private.formstack.com,uploads/5593268/160180084/1257035020/160180084__section_88_certificate_-_life_qa_study_group.pdf,2024-08-20T07:39:27+00:00,236685
files-private.formstack.com,uploads/5593268/160180084/1257036484/160180084_spga_tax_exemption_certificate_-_.pdf,2024-08-20T07:51:59+00:00,469663
files-private.formstack.com,uploads/5593268/160180084/1257453290/160180084_test.pdf,2024-08-21T03:15:54+00:00,29080
files-private.formstack.com,uploads/5593268/160180084/1259730118/160180084_testing.pdf,2024-08-28T03:50:14+00:00,33681
files-private.formstack.com,uploads/5593268/160180084/1281592725/160180084_20210512_ird_br_exempt.pdf,2024-10-31T07:34:48+00:00,209209
files-private.formstack.com,uploads/5593268/160180084/1286258647/160180084_appendix_2._tax_exemption_certificate_hkskhwc.pdf,2024-11-13T07:58:59+00:00,469090
files-private.formstack.com,uploads/5593268/160180084/1286262442/160180084_appendix_2._tax_exemption_certificate_hkskhwc.pdf,2024-11-13T08:32:21+00:00,469090
files-private.formstack.com,uploads/5593268/160180084/1299406738/160180084_--ir88.pdf,2024-12-22T13:39:11+00:00,187005
files-private.formstack.com,uploads/5593268/160180084/1301516292/160180084_r88.pdf,2025-01-02T15:22:50+00:00,58279
files-private.formstack.com,uploads/5593268/160180084/1304992943/160180084_12._ird.pdf,2025-01-14T01:53:54+00:00,156869
files-private.formstack.com,uploads/5593268/160180084/1305787060/160180084_12.section88.pdf,2025-01-16T08:49:54+00:00,594959
files-private.formstack.com,uploads/5593268/160180084/1306190041/160180084_12.section88.pdf,2025-01-17T07:44:02+00:00,594959
files-private.formstack.com,uploads/5593268/160180085/1230799248/160180085_upload_test_doc.docx,2024-05-31T10:28:14+00:00,13199
files-private.formstack.com,uploads/5593268/160180085/1234576627/160180085_computer_and_laptop_number_for_dhcf.docx,2024-06-12T07:20:49+00:00,25391
files-private.formstack.com,uploads/5593268/160180085/1234578556/160180085_dhcf_test_doc.docx,2024-06-12T07:38:13+00:00,12000
files-private.formstack.com,uploads/5593268/160180085/1234932104/160180085_operational_expenses_-_pmaa.docx,2024-06-13T06:37:00+00:00,18801
files-private.formstack.com,uploads/5593268/160180085/1234933584/160180085_operational_expenses_-_pmaa.docx,2024-06-13T06:50:56+00:00,18801
files-private.formstack.com,uploads/5593268/160180085/1250569029/160180085_nf-innoscan_release_log_v1.21.docx,2024-08-01T10:52:07+00:00,573726
files-private.formstack.com,uploads/5593268/160180085/1255380089/160180085_testing.docx,2024-08-15T13:24:14+00:00,12245
files-private.formstack.com,uploads/5593268/160180085/1255387513/160180085_testing.docx,2024-08-15T13:39:07+00:00,12245
files-private.formstack.com,uploads/5593268/160180085/1255453201/160180085_dhcf_test_doc.docx,2024-08-15T16:02:12+00:00,12000
files-private.formstack.com,uploads/5593268/160180085/1255462323/160180085_dhcf_test_doc.docx,2024-08-15T16:22:07+00:00,12000
files-private.formstack.com,uploads/5593268/160180085/1256595379/160180085_acs_board_director_and_key_staff_names_-_vivica_xiong.docx,2024-08-19T04:39:37+00:00,13987
files-private.formstack.com,uploads/5593268/160180085/1256993975/160180085_acs_board_director_and_key_staff_names_-_vivica_xiong.docx,2024-08-20T02:14:54+00:00,13987
files-private.formstack.com,uploads/5593268/160180085/1257032756/160180085_11._bod_-_feia_ednovators.docx,2024-08-20T07:20:00+00:00,19189
files-private.formstack.com,uploads/5593268/160180085/1257033976/160180085_11._bod_-_feia_ednovators.docx,2024-08-20T07:30:57+00:00,19189
files-private.formstack.com,uploads/5593268/160180085/1257035020/160180085_board_of_directors_-_life_qa_study_group.docx,2024-08-20T07:39:27+00:00,18808
files-private.formstack.com,uploads/5593268/160180085/1257036484/160180085_spga_founding_member_board_members_-_.docx,2024-08-20T07:51:59+00:00,14133
files-private.formstack.com,uploads/5593268/160180085/1257453290/160180085_test.docx,2024-08-21T03:15:55+00:00,12296
files-private.formstack.com,uploads/5593268/160180085/1257869241/160180085_the_dhcf_scholarship_program_tc_scholars_final.docx,2024-08-22T07:07:16+00:00,69237
files-private.formstack.com,uploads/5593268/160180085/1257878021/160180085_the_dhcf_scholarship_program_tc_scholars_final.docx,2024-08-22T08:23:33+00:00,69237
files-private.formstack.com,uploads/5593268/160180085/1259730118/160180085_testing.docx,2024-08-28T03:50:14+00:00,12245
files-private.formstack.com,uploads/5593268/160180085/1281592725/160180085_bod_-_irene_lam.docx,2024-10-31T07:34:48+00:00,25637
files-private.formstack.com,uploads/5593268/160180085/1286258647/160180085_appendix_4._names_and_titles_of_current_members_founder_members_and_board_of_directors_hkskhwc.docx,2024-11-13T07:58:59+00:00,23265
files-private.formstack.com,uploads/5593268/160180085/1286262442/160180085_appendix_4._names_and_titles_of_current_members_founder_members_and_board_of_directors_hkskhwc.docx,2024-11-13T08:32:21+00:00,23265
files-private.formstack.com,uploads/5593268/160180085/1299406738/160180085_--.docx,2024-12-22T13:39:11+00:00,26885
files-private.formstack.com,uploads/5593268/160180085/1299814533/160180085_imc_manager_list_2024-25_v2.docx,2024-12-24T10:03:41+00:00,28076
files-private.formstack.com,uploads/5593268/160180085/1301516292/160180085_board_of_directors.docx,2025-01-02T15:22:50+00:00,16266
files-private.formstack.com,uploads/5593268/160180085/1304992943/160180085_14.__.docx,2025-01-14T01:53:55+00:00,14139
files-private.formstack.com,uploads/5593268/160180085/1305787060/160180085_14.2425_hksc_directors_list_v3_g.doc,2025-01-16T08:49:54+00:00,53248
files-private.formstack.com,uploads/5593268/160180085/1306190041/160180085_14.2425_hksc_directors_list_v3_g.doc,2025-01-17T07:44:02+00:00,53248
files-private.formstack.com,uploads/5593268/160180172/1230799248/160180172_upload_test_doc.docx,2024-05-31T10:28:14+00:00,13199
files-private.formstack.com,uploads/5593268/160180172/1234576627/160180172_computer_and_laptop_number_for_dhcf.docx,2024-06-12T07:20:50+00:00,25391
files-private.formstack.com,uploads/5593268/160180172/1234578556/160180172_dhcf_test_doc.docx,2024-06-12T07:38:13+00:00,12000
files-private.formstack.com,uploads/5593268/160180172/1234932104/160180172_structure_-_pmaa.docx,2024-06-13T06:37:00+00:00,22500
files-private.formstack.com,uploads/5593268/160180172/1234933584/160180172_structure_-_pmaa.docx,2024-06-13T06:50:56+00:00,22500
files-private.formstack.com,uploads/5593268/160180172/1250569029/160180172_nf-innoscan_release_log_v1.21.docx,2024-08-01T10:52:07+00:00,573726
files-private.formstack.com,uploads/5593268/160180172/1255380089/160180172_testing.docx,2024-08-15T13:24:14+00:00,12245
files-private.formstack.com,uploads/5593268/160180172/1255387513/160180172_testing.docx,2024-08-15T13:39:08+00:00,12245
files-private.formstack.com,uploads/5593268/160180172/1255453201/160180172_dhcf_test_doc.docx,2024-08-15T16:02:12+00:00,12000
files-private.formstack.com,uploads/5593268/160180172/1255462323/160180172_dhcf_test_doc.docx,2024-08-15T16:22:07+00:00,12000
files-private.formstack.com,uploads/5593268/160180172/1256595379/160180172_acs_board_director_and_key_staff_names_-_vivica_xiong.docx,2024-08-19T04:39:37+00:00,13987
files-private.formstack.com,uploads/5593268/160180172/1256993975/160180172_annual_report___link_-_anthony_ngai.docx,2024-08-20T02:14:54+00:00,12345
files-private.formstack.com,uploads/5593268/160180172/1257032756/160180172_11._bod_-_feia_ednovators.docx,2024-08-20T07:20:00+00:00,19189
files-private.formstack.com,uploads/5593268/160180172/1257033976/160180172_11._bod_-_feia_ednovators.docx,2024-08-20T07:30:57+00:00,19189
files-private.formstack.com,uploads/5593268/160180172/1257035020/160180172_executive_officer_chi_eng_-_life_qa_study_group.docx,2024-08-20T07:39:28+00:00,17963
files-private.formstack.com,uploads/5593268/160180172/1257036484/160180172_spga_abbesses_-_.docx,2024-08-20T07:51:59+00:00,20051
files-private.formstack.com,uploads/5593268/160180172/1257453290/160180172_test.docx,2024-08-21T03:15:55+00:00,12296
files-private.formstack.com,uploads/5593268/160180172/1257869241/160180172_the_dhcf_scholarship_program_tc_scholars_final.docx,2024-08-22T07:07:16+00:00,69237
files-private.formstack.com,uploads/5593268/160180172/1257878021/160180172_the_dhcf_scholarship_program_tc_scholars_final.docx,2024-08-22T08:23:34+00:00,69237
files-private.formstack.com,uploads/5593268/160180172/1259730118/160180172_testing.docx,2024-08-28T03:50:14+00:00,12245
files-private.formstack.com,uploads/5593268/160180172/1281592725/160180172_ed_-_irene_lam.docx,2024-10-31T07:34:48+00:00,19939
files-private.formstack.com,uploads/5593268/160180172/1286258647/160180172_appendix_5._full_name_and_title_of_chief_executive_officer_hkskhwc.docx,2024-11-13T07:58:59+00:00,15464
files-private.formstack.com,uploads/5593268/160180172/1286262442/160180172_appendix_5._full_name_and_title_of_chief_executive_officer_hkskhwc.docx,2024-11-13T08:32:21+00:00,15464
files-private.formstack.com,uploads/5593268/160180172/1299406738/160180172_execo_.docx,2024-12-22T13:39:11+00:00,22549
files-private.formstack.com,uploads/5593268/160180172/1299814533/160180172_imc_manager_list_2024-25_v2.docx,2024-12-24T10:03:41+00:00,28076
files-private.formstack.com,uploads/5593268/160180172/1301516292/160180172_principal_name.docx,2025-01-02T15:22:51+00:00,13613
files-private.formstack.com,uploads/5593268/160180172/1304992943/160180172_14.__.docx,2025-01-14T01:53:55+00:00,14139
files-private.formstack.com,uploads/5593268/160180172/1305787060/160180172_15.co-create_team.docx,2025-01-16T08:49:54+00:00,7693
files-private.formstack.com,uploads/5593268/160180172/1306190041/160180172_15.co-create_team.docx,2025-01-17T07:44:03+00:00,7693
files-private.formstack.com,uploads/5593268/160180179/1230799248/160180179_upload_test.pdf,2024-05-31T10:28:14+00:00,9044
files-private.formstack.com,uploads/5593268/160180179/1234576627/160180179_computer_and_laptop_number_for_dhcf.docx,2024-06-12T07:20:50+00:00,25391
files-private.formstack.com,uploads/5593268/160180179/1234578556/160180179_dhcf_test_pdf.pdf,2024-06-12T07:38:13+00:00,14171
files-private.formstack.com,uploads/5593268/160180179/1250569029/160180179_network_diagram_stage_for_on_site.pdf,2024-08-01T10:52:07+00:00,150099
files-private.formstack.com,uploads/5593268/160180179/1255380089/160180179_testing.pdf,2024-08-15T13:24:14+00:00,33681
files-private.formstack.com,uploads/5593268/160180179/1255387513/160180179_testing.pdf,2024-08-15T13:39:08+00:00,33681
files-private.formstack.com,uploads/5593268/160180179/1255453201/160180179_dhcf_test_pdf.pdf,2024-08-15T16:02:12+00:00,14171
files-private.formstack.com,uploads/5593268/160180179/1255462323/160180179_dhcf_test_pdf.pdf,2024-08-15T16:22:07+00:00,14171
files-private.formstack.com,uploads/5593268/160180179/1257033976/160180179_12._ed_-_feia_ednovators.pdf,2024-08-20T07:30:57+00:00,90438
files-private.formstack.com,uploads/5593268/160180179/1257453290/160180179_test.pdf,2024-08-21T03:15:55+00:00,29080
files-private.formstack.com,uploads/5593268/160180179/1259730118/160180179_testing.pdf,2024-08-28T03:50:14+00:00,33681
files-private.formstack.com,uploads/5593268/160180179/1281592725/160180179_2022-2023__-_irene_lam.pdf,2024-10-31T07:34:48+00:00,8797224
files-private.formstack.com,uploads/5593268/160180179/1286258647/160180179_appendix_6._annual_report_hkskhwc.pdf,2024-11-13T07:58:59+00:00,71192971
files-private.formstack.com,uploads/5593268/160180179/1286262442/160180179_appendix_6._annual_report_hkskhwc.pdf,2024-11-13T08:32:22+00:00,71192971
files-private.formstack.com,uploads/5593268/160180179/1299406738/160180179_-.pdf,2024-12-22T13:39:11+00:00,3083883
files-private.formstack.com,uploads/5593268/160180179/1301516292/160180179_2023-2024-rev16018818791733803887.pdf,2025-01-02T15:22:51+00:00,3225526
files-private.formstack.com,uploads/5593268/160180179/1305787060/160180179_16.annual_report2023-2024_updated.pdf,2025-01-16T08:49:55+00:00,736373
files-private.formstack.com,uploads/5593268/160180179/1306190041/160180179_16.annual_report2023-2024_updated.pdf,2025-01-17T07:44:03+00:00,736373
files-private.formstack.com,uploads/5593268/160180180/1230799248/160180180_upload_test.pdf,2024-05-31T10:28:14+00:00,9044
files-private.formstack.com,uploads/5593268/160180180/1234576627/160180180_project_fire_funder_and_ngo_list_to_be_filled.xlsx,2024-06-12T07:20:50+00:00,22982
files-private.formstack.com,uploads/5593268/160180180/1234578556/160180180_dhcf_test_pdf.pdf,2024-06-12T07:38:13+00:00,14171
files-private.formstack.com,uploads/5593268/160180180/1234932104/160180180_application_-_pmaa.pdf,2024-06-13T06:37:00+00:00,300916
files-private.formstack.com,uploads/5593268/160180180/1234933584/160180180_section_88_-_pmaa.pdf,2024-06-13T06:50:57+00:00,298647
files-private.formstack.com,uploads/5593268/160180180/1250569029/160180180_network_diagram_stage_for_on_site.pdf,2024-08-01T10:52:07+00:00,150099
files-private.formstack.com,uploads/5593268/160180180/1255380089/160180180_testing.pdf,2024-08-15T13:24:14+00:00,33681
files-private.formstack.com,uploads/5593268/160180180/1255387513/160180180_testing.pdf,2024-08-15T13:39:08+00:00,33681
files-private.formstack.com,uploads/5593268/160180180/1255453201/160180180_dhcf_test_pdf.pdf,2024-08-15T16:02:12+00:00,14171
files-private.formstack.com,uploads/5593268/160180180/1255462323/160180180_dhcf_test_pdf.pdf,2024-08-15T16:22:07+00:00,14171
files-private.formstack.com,uploads/5593268/160180180/1256993975/160180180_latest_audited_financial_statement_2022_-_wkcd_foundation_-_lilian_tse.pdf,2024-08-20T02:14:54+00:00,406121
files-private.formstack.com,uploads/5593268/160180180/1257033976/160180180_12._ed_-_feia_ednovators.pdf,2024-08-20T07:30:58+00:00,90438
files-private.formstack.com,uploads/5593268/160180180/1257035020/160180180_2021-22_audit_report_soel_signed_-_life_qa_study_group.pdf,2024-08-20T07:39:28+00:00,550789
files-private.formstack.com,uploads/5593268/160180180/1257453290/160180180_test.pdf,2024-08-21T03:15:55+00:00,29080
files-private.formstack.com,uploads/5593268/160180180/1259730118/160180180_testing.pdf,2024-08-28T03:50:14+00:00,33681
files-private.formstack.com,uploads/5593268/160180180/1281592725/160180180_audit_report_final_2022-2023_-_irene_lam.pdf,2024-10-31T07:34:49+00:00,1336346
files-private.formstack.com,uploads/5593268/160180180/1286258647/160180180_appendix_7._audited_financial_statement_hkskhwc.pdf,2024-11-13T07:59:01+00:00,603276
files-private.formstack.com,uploads/5593268/160180180/1286262442/160180180_appendix_7._audited_financial_statement_hkskhwc.pdf,2024-11-13T08:32:23+00:00,603276
files-private.formstack.com,uploads/5593268/160180180/1299406738/160180180_-.pdf,2024-12-22T13:39:12+00:00,3083883
files-private.formstack.com,uploads/5593268/160180180/1299814533/160180180_audit_report_2022-2023.pdf,2024-12-24T10:03:41+00:00,25608353
files-private.formstack.com,uploads/5593268/160180180/1301516292/160180180_22-23_audited_financial_statements.pdf,2025-01-02T15:22:51+00:00,2620409
files-private.formstack.com,uploads/5593268/160180180/1304992943/160180180_13._financial_statement.pdf,2025-01-14T01:53:55+00:00,1483005
files-private.formstack.com,uploads/5593268/160180180/1305787060/160180180_17.latest_audited_financial_statement.pdf,2025-01-16T08:49:55+00:00,2040156
files-private.formstack.com,uploads/5593268/160180180/1306190041/160180180_17.latest_audited_financial_statement.pdf,2025-01-17T07:44:03+00:00,2040156
files-private.formstack.com,uploads/5593268/160180189/1201304240/signature_160180189.png,2024-03-05T03:00:18+00:00,14570
files-private.formstack.com,uploads/5593268/160180189/1201304654/signature_160180189.png,2024-03-05T03:02:22+00:00,16976
files-private.formstack.com,uploads/5593268/161296591/1209373113/161296591_donation-applicant-declaration-form.pdf,2024-03-28T06:52:27+00:00,1854157
files-private.formstack.com,uploads/5593268/161296591/1210682504/161296591_test_document_-_donation_applicant_declaration.pdf,2024-04-02T01:36:51+00:00,49050
files-private.formstack.com,uploads/5593268/161296591/1218751350/161296591_test_document_-_donation_applicant_declaration.pdf,2024-04-25T06:14:40+00:00,49050
files-private.formstack.com,uploads/5593268/161296591/1218751911/161296591_test_document_-_donation_applicant_declaration.pdf,2024-04-25T06:18:36+00:00,49050
files-private.formstack.com,uploads/5593268/161296591/1224620098/161296591_poc_demo_2_20240416.pdf,2024-05-13T06:56:02+00:00,147660
files-private.formstack.com,uploads/5593268/170407100/1250569029/170407100_network_diagram_stage_for_on_site.pdf,2024-08-01T10:52:06+00:00,150099
files-private.formstack.com,uploads/5593268/170407100/1255380089/170407100_testing.pdf,2024-08-15T13:24:14+00:00,33681
files-private.formstack.com,uploads/5593268/170407100/1255387513/170407100_testing.pdf,2024-08-15T13:39:07+00:00,33681
files-private.formstack.com,uploads/5593268/170407100/1255453201/170407100_dhcf_test_pdf.pdf,2024-08-15T16:02:12+00:00,14171
files-private.formstack.com,uploads/5593268/170407100/1255462323/170407100_dhcf_test_pdf.pdf,2024-08-15T16:22:07+00:00,14171
files-private.formstack.com,uploads/5593268/170407100/1256595379/170407100_just_feel_s88_approval_-_anthony_ngai.pdf,2024-08-19T04:39:36+00:00,263301
files-private.formstack.com,uploads/5593268/170407100/1256993975/170407100_latest_audited_financial_statement_2022_-_wkcd_foundation_-_lilian_tse.pdf,2024-08-20T02:14:53+00:00,406121
files-private.formstack.com,uploads/5593268/170407100/1257035020/170407100_soel_ci_copy_-_school_of_everyday_life.pdf,2024-08-20T07:39:27+00:00,260949
files-private.formstack.com,uploads/5593268/170407100/1257453290/170407100_test.pdf,2024-08-21T03:15:55+00:00,29080
files-private.formstack.com,uploads/5593268/170407100/1259730118/170407100_testing.pdf,2024-08-28T03:50:14+00:00,33681
files-private.formstack.com,uploads/5593268/170407100/1286258647/170407100_appendix_3._annual_return_hkskhwc_2023.pdf,2024-11-13T07:58:59+00:00,759738
files-private.formstack.com,uploads/5593268/170407100/1286262442/170407100_appendix_3._annual_return_hkskhwc_2023.pdf,2024-11-13T08:32:21+00:00,759738
files-private.formstack.com,uploads/5593268/170407100/1299406738/170407100_-20240130_filed_ar_2023_-_the_dharmalakshana_buddhist_intitute_limited.pdf,2024-12-22T13:39:11+00:00,1836920
files-private.formstack.com,uploads/5593268/170407100/1305787060/170407100_13.annualreturn_hkicc_lee_shau_kee_school_of_creativity_mgt_committee_ltd.pdf,2025-01-16T08:49:54+00:00,539876
files-private.formstack.com,uploads/5593268/170407100/1306190041/170407100_13.annualreturn_hkicc_lee_shau_kee_school_of_creativity_mgt_committee_ltd.pdf,2025-01-17T07:44:02+00:00,539876
files.formstack.com,uploads/5593268/,NO ITEMS FOUND,0
files-private.formstack.com,uploads/5720427/163552381/1234579062/163552381_dhcf_test_pdf.pdf,2024-06-12T07:42:57+00:00,14171
files-private.formstack.com,uploads/5720427/163552381/1238627996/163552381_dhcf_test_pdf.pdf,2024-06-25T04:03:55+00:00,14171
files-private.formstack.com,uploads/5720427/163552381/1239378669/163552381_blank.pdf,2024-06-27T07:43:19+00:00,20402
files-private.formstack.com,uploads/5720427/163552381/1239397148/163552381_dhcf_test_pdf.pdf,2024-06-27T10:07:11+00:00,14171
files-private.formstack.com,uploads/5720427/163552381/1246306538/163552381_blank.pdf,2024-07-19T02:31:04+00:00,20402
files-private.formstack.com,uploads/5720427/163552381/1246344508/163552381_dhcf_a5_slip.pdf,2024-07-19T07:15:50+00:00,12832
files-private.formstack.com,uploads/5720427/163552381/1247561121/163552381_dhcf_test_pdf.pdf,2024-07-23T10:26:19+00:00,14171
files-private.formstack.com,uploads/5720427/163552381/1248369327/163552381_testing.pdf,2024-07-25T10:01:44+00:00,33680
files-private.formstack.com,uploads/5720427/163552381/1249768596/163552381_testing.pdf,2024-07-30T01:52:28+00:00,33680
files-private.formstack.com,uploads/5720427/163552381/1250520953/163552381_test_document_-_section_88_certicate.pdf,2024-08-01T04:14:43+00:00,52044
files-private.formstack.com,uploads/5720427/163552381/1250567721/163552381_network_diagram_stage_for_on_site.pdf,2024-08-01T10:43:16+00:00,150099
files-private.formstack.com,uploads/5720427/163552381/1252891397/163552381_testing.pdf,2024-08-08T03:38:04+00:00,33680
files-private.formstack.com,uploads/5720427/163552381/1255326527/163552381_blank.pdf,2024-08-15T08:31:02+00:00,20402
files-private.formstack.com,uploads/5720427/163552381/1255340321/163552381_testing.pdf,2024-08-15T10:24:13+00:00,33681
files-private.formstack.com,uploads/5720427/163552381/1255423419/163552381_testing.pdf,2024-08-15T14:56:05+00:00,33681
files-private.formstack.com,uploads/5720427/163552381/1256618893/163552381_dhcf_a5_slip.pdf,2024-08-19T08:28:59+00:00,12832
files-private.formstack.com,uploads/5720427/163552381/1257005726/163552381_dhcf_a5_slip.pdf,2024-08-20T03:26:44+00:00,12832
files-private.formstack.com,uploads/5720427/163552381/1257025258/163552381_12._wkcda_executive_team_-_lilian_tse.pdf,2024-08-20T06:13:15+00:00,151675
files-private.formstack.com,uploads/5720427/163552381/1257036757/163552381_1254882218_the_new_normal_charity_limited_section_88_certificate.pdf,2024-08-20T07:54:24+00:00,409674
files-private.formstack.com,uploads/5720427/163552381/1257044654/163552381__section_88_certificate_-_life_qa_study_group.pdf,2024-08-20T08:30:32+00:00,236685
files-private.formstack.com,uploads/5720427/163552381/1257460325/163552381_test.pdf,2024-08-21T04:05:12+00:00,29080
files-private.formstack.com,uploads/5720427/163552381/1259369162/163552381_testing.pdf,2024-08-27T09:24:27+00:00,33681
files-private.formstack.com,uploads/5720427/163552381/1259747550/163552381_testing.pdf,2024-08-28T06:25:24+00:00,33681
files-private.formstack.com,uploads/5720427/163552381/1259755555/163552381_testing.pdf,2024-08-28T07:34:46+00:00,33681
files-private.formstack.com,uploads/5720427/163552381/1262666949/163552381_dhcf_test_pdf.pdf,2024-09-06T08:30:33+00:00,14171
files-private.formstack.com,uploads/5720427/163552381/1288386671/163552381_r88.pdf,2024-11-18T02:51:38+00:00,301786
files-private.formstack.com,uploads/5720427/163552381/1295732772/163552381_ir88_continue_2021.pdf,2024-12-11T06:40:59+00:00,174719
files-private.formstack.com,uploads/5720427/163552381/1304159987/163552381_confirmation_of_charitable_status_-_2022.pdf,2025-01-10T20:50:18+00:00,191866
files-private.formstack.com,uploads/5720427/163552381/1305383616/163552381_certificate_s88.pdf,2025-01-15T04:42:02+00:00,102583
files-private.formstack.com,uploads/5720427/163552385/1234579062/163552385_dhcf_test_pdf.pdf,2024-06-12T07:42:57+00:00,14171
files-private.formstack.com,uploads/5720427/163552385/1238627996/163552385_dhcf_test_pdf.pdf,2024-06-25T04:03:55+00:00,14171
files-private.formstack.com,uploads/5720427/163552385/1239378669/163552385_blank.pdf,2024-06-27T07:43:19+00:00,20402
files-private.formstack.com,uploads/5720427/163552385/1239397148/163552385_dhcf_test_pdf.pdf,2024-06-27T10:07:11+00:00,14171
files-private.formstack.com,uploads/5720427/163552385/1246306538/163552385_blank.pdf,2024-07-19T02:31:05+00:00,20402
files-private.formstack.com,uploads/5720427/163552385/1246311416/163552385_blank.pdf,2024-07-19T02:58:56+00:00,20402
files-private.formstack.com,uploads/5720427/163552385/1246344508/163552385_dhcf_a5_slip.pdf,2024-07-19T07:15:50+00:00,12832
files-private.formstack.com,uploads/5720427/163552385/1247561121/163552385_dhcf_test_pdf.pdf,2024-07-23T10:26:20+00:00,14171
files-private.formstack.com,uploads/5720427/163552385/1248369327/163552385_testing.pdf,2024-07-25T10:01:44+00:00,33680
files-private.formstack.com,uploads/5720427/163552385/1249768596/163552385_testing.pdf,2024-07-30T01:52:28+00:00,33680
files-private.formstack.com,uploads/5720427/163552385/1250204742/163552385_testing.pdf,2024-07-31T10:40:22+00:00,33680
files-private.formstack.com,uploads/5720427/163552385/1250520953/163552385_test_document_-_university_address_and_bank_account_details.pdf,2024-08-01T04:14:43+00:00,50354
files-private.formstack.com,uploads/5720427/163552385/1250567721/163552385_network_diagram_stage_for_on_site.pdf,2024-08-01T10:43:16+00:00,150099
files-private.formstack.com,uploads/5720427/163552385/1252891397/163552385_testing.pdf,2024-08-08T03:38:04+00:00,33680
files-private.formstack.com,uploads/5720427/163552385/1255326527/163552385_blank.pdf,2024-08-15T08:31:02+00:00,20402
files-private.formstack.com,uploads/5720427/163552385/1255340321/163552385_testing.pdf,2024-08-15T10:24:13+00:00,33681
files-private.formstack.com,uploads/5720427/163552385/1255423419/163552385_testing.pdf,2024-08-15T14:56:05+00:00,33681
files-private.formstack.com,uploads/5720427/163552385/1256618893/163552385_dhcf_a5_slip.pdf,2024-08-19T08:29:00+00:00,12832
files-private.formstack.com,uploads/5720427/163552385/1257005726/163552385_dhcf_a5_slip.pdf,2024-08-20T03:26:44+00:00,12832
files-private.formstack.com,uploads/5720427/163552385/1257025258/163552385_11._wkcdf_board_of_directors_-_lilian_tse.pdf,2024-08-20T06:13:15+00:00,154544
files-private.formstack.com,uploads/5720427/163552385/1257036757/163552385_1254882218_the_new_normal_charity_limited_annual_return.pdf,2024-08-20T07:54:24+00:00,33681
files-private.formstack.com,uploads/5720427/163552385/1257044654/163552385__section_88_certificate_-_life_qa_study_group.pdf,2024-08-20T08:30:32+00:00,236685
files-private.formstack.com,uploads/5720427/163552385/1257460325/163552385_test.pdf,2024-08-21T04:05:13+00:00,29080
files-private.formstack.com,uploads/5720427/163552385/1259369162/163552385_testing.pdf,2024-08-27T09:24:27+00:00,33681
files-private.formstack.com,uploads/5720427/163552385/1259747550/163552385_testing.pdf,2024-08-28T06:25:24+00:00,33681
files-private.formstack.com,uploads/5720427/163552385/1259755555/163552385_testing.pdf,2024-08-28T07:34:46+00:00,33681
files-private.formstack.com,uploads/5720427/163552385/1259773376/163552385_1b_application_nomination_statistics_2024.pdf,2024-08-28T09:56:59+00:00,144061
files-private.formstack.com,uploads/5720427/163552385/1262666949/163552385_dhcf_test_pdf.pdf,2024-09-06T08:30:33+00:00,14171
files-private.formstack.com,uploads/5720427/163552385/1288386671/163552385_school_address_and_bank_account_details.pdf,2024-11-18T02:51:39+00:00,181358
files-private.formstack.com,uploads/5720427/163552385/1295732772/163552385_career_bank_statement_oct.pdf,2024-12-11T06:40:59+00:00,204814
files-private.formstack.com,uploads/5720427/163552385/1304159987/163552385_friends-harvard-hong-kong-trust-donation-form-bank-wire-instructions.pdf,2025-01-10T20:50:18+00:00,131095
files-private.formstack.com,uploads/5720427/163552385/1305383616/163552385_statement_003.pdf,2025-01-15T04:42:02+00:00,57801
files.formstack.com,uploads/5720427/,NO ITEMS FOUND,0
files-private.formstack.com,uploads/5915827/172732913/1279583678/172732913_ednovators_section_88_charity_copy.pdf,2024-10-25T05:57:46+00:00,2674329
files-private.formstack.com,uploads/5915827/172732913/1281925718/172732913_cf-ird_letter_for_exemption_under_s88.pdf,2024-11-01T07:49:55+00:00,195311
files-private.formstack.com,uploads/5915827/172732913/1307222789/172732913_bhss-ird88.pdf,2025-01-21T04:20:46+00:00,56045
files-private.formstack.com,uploads/5915827/172732913/1307227837/172732913_skm_c550i25012112500.pdf,2025-01-21T05:03:45+00:00,4057347
files-private.formstack.com,uploads/5915827/172732917/1279583678/172732917_feia_bank_statement.pdf,2024-10-25T05:57:47+00:00,199585
files-private.formstack.com,uploads/5915827/172732917/1281925718/172732917_20241101154735677.pdf,2024-11-01T07:49:56+00:00,226700
files-private.formstack.com,uploads/5915827/172732917/1307222789/172732917_bhss-bank_statement.pdf,2025-01-21T04:20:46+00:00,230219
files-private.formstack.com,uploads/5915827/172732917/1307227837/172732917_skm_c550i25012112580.pdf,2025-01-21T05:03:45+00:00,672038
files.formstack.com,uploads/5915827/,NO ITEMS FOUND,0
files-private.formstack.com,uploads/5915828/172732936/1280774245/172732936_hkrc_section88_with_chop.pdf,2024-10-29T01:58:46+00:00,411839
files-private.formstack.com,uploads/5915828/172732936/1282722301/172732936_ir88_oxfam_hong_kong.pdf,2024-11-04T10:29:50+00:00,384885
files-private.formstack.com,uploads/5915828/172732936/1283332872/172732936_tfhk_section_88_1.pdf,2024-11-05T18:27:31+00:00,57389
files-private.formstack.com,uploads/5915828/172732936/1309398572/172732936__session_88.pdf,2025-01-28T06:50:23+00:00,75733
files-private.formstack.com,uploads/5915828/172732940/1280774245/172732940_hsbc_rf_567-650155-024.pdf,2024-10-29T01:58:47+00:00,429394
files-private.formstack.com,uploads/5915828/172732940/1282722301/172732940_ohk_bank_statement.pdf,2024-11-04T10:29:50+00:00,205453
files-private.formstack.com,uploads/5915828/172732940/1283332872/172732940_boc_202409.pdf,2024-11-05T18:27:31+00:00,547804
files-private.formstack.com,uploads/5915828/172732940/1309398572/172732940__session_88.pdf,2025-01-28T06:50:23+00:00,75733
files.formstack.com,uploads/5915828/,NO ITEMS FOUND,0
files-private.formstack.com,uploads/5915830/172732961/1283961459/172732961_ss_bank_estatement.pdf,2024-11-07T12:36:19+00:00,53176
files.formstack.com,uploads/5915830/,NO ITEMS FOUND,0
files-private.formstack.com,uploads/5915831/172732980/1285785345/172732980_20210416_ird_88_approval_letter.pdf,2024-11-12T11:03:50+00:00,521664
files-private.formstack.com,uploads/5915831/172732984/1285785345/172732984_address_proof_pb.pdf,2024-11-12T11:03:50+00:00,8591
files.formstack.com,uploads/5915831/,NO ITEMS FOUND,0
files-private.formstack.com,uploads/5956001/174416735/1271570819/174416735_dhcf_test_pdf.pdf,2024-10-02T09:16:54+00:00,14171
files-private.formstack.com,uploads/5956001/174416735/1280801692/174416735_cr.pdf,2024-10-29T05:14:19+00:00,168692
files-private.formstack.com,uploads/5956001/174416735/1281189874/174416735_certificate_of_incorporation.pdf,2024-10-30T02:43:03+00:00,303671
files-private.formstack.com,uploads/5956001/174416735/1286254619/174416735_br_ref_doc.pdf,2024-11-13T07:26:59+00:00,75024
files-private.formstack.com,uploads/5956001/174416735/1290667170/174416735_03_mill6_cert_of_incorp_and_brn.pdf,2024-11-25T08:57:44+00:00,2082568
files-private.formstack.com,uploads/5956001/174416735/1291492803/174416735_.pdf,2024-11-27T11:03:59+00:00,281568
files-private.formstack.com,uploads/5956001/174416735/1291997909/174416735_certificate_of_incorporation_hkskhwc.pdf,2024-11-29T09:39:43+00:00,35435
files-private.formstack.com,uploads/5956001/174416735/1294205328/174416735_s.o.a.r._cert_of_incorporation.pdf,2024-12-06T07:20:54+00:00,119232
files-private.formstack.com,uploads/5956001/174416735/1294209641/174416735_s.o.a.r._cert_of_incorporation.pdf,2024-12-06T07:59:31+00:00,119232
files-private.formstack.com,uploads/5956001/174416735/1294796449/174416735_altered_articles_of_association_oct_2023_filed_copy.pdf,2024-12-08T18:06:49+00:00,910596
files-private.formstack.com,uploads/5956001/174416735/1296175091/174416735_.pdf,2024-12-12T14:29:38+00:00,229940
files-private.formstack.com,uploads/5956001/174416735/1298169716/174416735_.pdf,2024-12-18T04:41:09+00:00,372352
files-private.formstack.com,uploads/5956001/174416735/1298544044/174416735_certificate_of_incorporation.pdf,2024-12-19T08:12:26+00:00,110106
files-private.formstack.com,uploads/5956001/174416735/1299523722/174416735_elcss_certificate_of_incorporation.pdf,2024-12-23T03:01:04+00:00,364830
files-private.formstack.com,uploads/5956001/174416735/1300257967/174416735_20191204_-_ci_-_hk_internatioanl_yourth1.pdf,2024-12-27T03:01:37+00:00,159999
files-private.formstack.com,uploads/5956001/174416735/1301438668/174416735_poc_demo_2_20240416.pdf,2025-01-02T06:29:18+00:00,147660
files-private.formstack.com,uploads/5956001/174416735/1301439315/174416735_poc_demo_2_20240416.pdf,2025-01-02T06:38:53+00:00,147660
files-private.formstack.com,uploads/5956001/174416735/1301750235/174416735__sbhk.pdf,2025-01-03T02:54:58+00:00,23908
files-private.formstack.com,uploads/5956001/174416735/1302480966/174416735_currently_we_are_setting_up_the_company_with_limited_shares.pdf,2025-01-06T05:34:29+00:00,41432
files-private.formstack.com,uploads/5956001/174416735/1305170744/174416735_.pdf,2025-01-14T17:21:02+00:00,229940
files-private.formstack.com,uploads/5956001/174416735/1306539776/174416735_project_future_association_ltd_ci.pdf,2025-01-18T10:08:52+00:00,280060
files-private.formstack.com,uploads/5956001/174416735/1307582998/174416735_5._.pdf,2025-01-22T06:32:50+00:00,266123
files-private.formstack.com,uploads/5956001/174416735/1307594673/174416735_hkpdf_cr.pdf,2025-01-22T08:45:19+00:00,18686
files-private.formstack.com,uploads/5956001/174416735/1307927277/174416735_charitable_institutions_truts.pdf,2025-01-23T05:06:32+00:00,1736637
files-private.formstack.com,uploads/5956001/174416735/1307951273/174416735_salesforce_authenticator_login_guideline.pdf,2025-01-23T09:18:23+00:00,531370
files-private.formstack.com,uploads/5956001/174416735/1307951795/174416735_salesforce_authenticator_login_guideline.pdf,2025-01-23T09:24:27+00:00,531370
files-private.formstack.com,uploads/5956001/174416735/1311902823/174416735_hkfyg_cert_of_incorporation.pdf,2025-02-05T06:39:38+00:00,96615
files-private.formstack.com,uploads/5956001/174416735/1313269011/174416735_1_registration_document_for_yycma.pdf,2025-02-09T11:27:35+00:00,1871109
files-private.formstack.com,uploads/5956001/174416736/1271570819/174416736_dhcf_test_pdf.pdf,2024-10-02T09:16:54+00:00,14171
files-private.formstack.com,uploads/5956001/174416736/1280801692/174416736_ird_88.pdf,2024-10-29T05:14:19+00:00,202850
files-private.formstack.com,uploads/5956001/174416736/1281189874/174416736_hksr_exempt_88_from_ird_2017.pdf,2024-10-30T02:43:03+00:00,574088
files-private.formstack.com,uploads/5956001/174416736/1286254619/174416736_section_88.pdf,2024-11-13T07:26:59+00:00,41344
files-private.formstack.com,uploads/5956001/174416736/1290667170/174416736_01_mill6_sec_88.pdf,2024-11-25T08:57:45+00:00,67644
files-private.formstack.com,uploads/5956001/174416736/1291997909/174416736_r88.pdf,2024-11-29T09:39:43+00:00,73011
files-private.formstack.com,uploads/5956001/174416736/1294205328/174416736_s.o.a.r._s.88_cert.pdf,2024-12-06T07:20:55+00:00,496114
files-private.formstack.com,uploads/5956001/174416736/1294209641/174416736_s.o.a.r._s.88_cert.pdf,2024-12-06T07:59:31+00:00,496114
files-private.formstack.com,uploads/5956001/174416736/1294796449/174416736_88_certificate.pdf,2024-12-08T18:06:49+00:00,644047
files-private.formstack.com,uploads/5956001/174416736/1296175091/174416736_r88.pdf,2024-12-12T14:29:38+00:00,320071
files-private.formstack.com,uploads/5956001/174416736/1298169716/174416736_.pdf,2024-12-18T04:41:09+00:00,250013
files-private.formstack.com,uploads/5956001/174416736/1298544044/174416736_88_tax.pdf,2024-12-19T08:12:26+00:00,137533
files-private.formstack.com,uploads/5956001/174416736/1299523722/174416736_elcss_section_88_tax_exemption_certificate.pdf,2024-12-23T03:01:04+00:00,28034
files-private.formstack.com,uploads/5956001/174416736/1300257967/174416736_20210512_-_cert_of_exempt_tax_under_section_88_-_hk_intl_youth1_br.pdf,2024-12-27T03:01:38+00:00,48498
files-private.formstack.com,uploads/5956001/174416736/1301438668/174416736_poc_demo_2_20240416.pdf,2025-01-02T06:29:18+00:00,147660
files-private.formstack.com,uploads/5956001/174416736/1301439315/174416736_poc_demo_2_20240416.pdf,2025-01-02T06:38:53+00:00,147660
files-private.formstack.com,uploads/5956001/174416736/1301750235/174416736_11288_sbhk.pdf,2025-01-03T02:54:59+00:00,32247
files-private.formstack.com,uploads/5956001/174416736/1305170744/174416736_r88.pdf,2025-01-14T17:21:02+00:00,320071
files-private.formstack.com,uploads/5956001/174416736/1306539776/174416736_s88_certification.pdf,2025-01-18T10:08:53+00:00,1512712
files-private.formstack.com,uploads/5956001/174416736/1307582998/174416736_6._-_88_iro.pdf,2025-01-22T06:32:50+00:00,982819
files-private.formstack.com,uploads/5956001/174416736/1307594673/174416736_hkpdf_section_88_april_11_2022.pdf,2025-01-22T08:45:19+00:00,183806
files-private.formstack.com,uploads/5956001/174416736/1307927277/174416736_sertificate_of_incorporation.pdf,2025-01-23T05:06:32+00:00,86606
files-private.formstack.com,uploads/5956001/174416736/1307951273/174416736_salesforce_authenticator_login_guideline.pdf,2025-01-23T09:18:23+00:00,531370
files-private.formstack.com,uploads/5956001/174416736/1307951795/174416736_salesforce_authenticator_login_guideline.pdf,2025-01-23T09:24:27+00:00,531370
files-private.formstack.com,uploads/5956001/174416736/1311902823/174416736_hkfyg_section_88.pdf,2025-02-05T06:39:39+00:00,118361
files-private.formstack.com,uploads/5956001/174416736/1313269011/174416736_2_section_88_hk_inland_revenue_review_of_charitable_institutions_trusts.pdf,2025-02-09T11:27:35+00:00,3593672
files-private.formstack.com,uploads/5956001/174416737/1271570819/174416737_dhcf_test_pdf.pdf,2024-10-02T09:16:54+00:00,14171
files-private.formstack.com,uploads/5956001/174416737/1280801692/174416737_spga_nar1_20231231.pdf,2024-10-29T05:14:20+00:00,4382704
files-private.formstack.com,uploads/5956001/174416737/1281189874/174416737_hksr_annual_return__2023.pdf,2024-10-30T02:43:03+00:00,2386570
files-private.formstack.com,uploads/5956001/174416737/1296175091/174416737_2023.pdf,2024-12-12T14:29:38+00:00,442281
files-private.formstack.com,uploads/5956001/174416737/1298169716/174416737_aduit_report_22-23.pdf,2024-12-18T04:41:10+00:00,2662228
files-private.formstack.com,uploads/5956001/174416737/1298544044/174416737_esperanza__2024_09_30__nar1filed.pdf,2024-12-19T08:12:26+00:00,2244403
files-private.formstack.com,uploads/5956001/174416737/1301438668/174416737_poc_demo_2_20240416.pdf,2025-01-02T06:29:19+00:00,147660
files-private.formstack.com,uploads/5956001/174416737/1301439315/174416737_poc_demo_2_20240416.pdf,2025-01-02T06:38:53+00:00,147660
files-private.formstack.com,uploads/5956001/174416737/1301750235/174416737_sbhk_financial_statement_2023_24.pdf,2025-01-03T02:54:59+00:00,1208098
files-private.formstack.com,uploads/5956001/174416737/1305170744/174416737_2023.pdf,2025-01-14T17:21:03+00:00,442281
files-private.formstack.com,uploads/5956001/174416737/1306539776/174416737_2023_nar_2023_signed_audited_account_filed.pdf,2025-01-18T10:08:53+00:00,2903709
files-private.formstack.com,uploads/5956001/174416737/1307594673/174416737_full_set_nar1_submitted_to_cr_rev_071124.pdf,2025-01-22T08:45:20+00:00,2294023
files-private.formstack.com,uploads/5956001/174416737/1307927277/174416737_13._annual_return_nar1_2022-2023.pdf,2025-01-23T05:06:32+00:00,8146896
files-private.formstack.com,uploads/5956001/174416737/1307951273/174416737_salesforce_authenticator_login_guideline.pdf,2025-01-23T09:18:23+00:00,531370
files-private.formstack.com,uploads/5956001/174416737/1313269011/174416737_3_2024_annal_return_y26_nar_2024.3.31.pdf,2025-02-09T11:27:35+00:00,4866296
files-private.formstack.com,uploads/5956001/174416738/1271570819/174416738_dhcf_test_doc.docx,2024-10-02T09:16:54+00:00,12000
files-private.formstack.com,uploads/5956001/174416738/1280801692/174416738_current_members.docx,2024-10-29T05:14:20+00:00,11951
files-private.formstack.com,uploads/5956001/174416738/1281189874/174416738_the_hong_kong_society_for_rehabilitation_executive_committee_2023-2025_exco.docx,2024-10-30T02:43:04+00:00,16791
files-private.formstack.com,uploads/5956001/174416738/1286254619/174416738_board_and_management_list.docx,2024-11-13T07:26:59+00:00,181748
files-private.formstack.com,uploads/5956001/174416738/1290667170/174416738_04_list_of_members1.docx,2024-11-25T08:57:45+00:00,290261
files-private.formstack.com,uploads/5956001/174416738/1291492803/174416738_not_applicable.docx,2024-11-27T11:04:00+00:00,13504
files-private.formstack.com,uploads/5956001/174416738/1291997909/174416738_hong_kong_sheng_kung_hui_welfare_council_limited_-board_members.docx,2024-11-29T09:39:44+00:00,18033
files-private.formstack.com,uploads/5956001/174416738/1294205328/174416738_board_of_trustees_of_s.o.a.r..docx,2024-12-06T07:20:55+00:00,525131
files-private.formstack.com,uploads/5956001/174416738/1294209641/174416738_board_of_trustees_of_s.o.a.r..docx,2024-12-06T07:59:32+00:00,525131
files-private.formstack.com,uploads/5956001/174416738/1294796449/174416738_founders_of_the_organization.docx,2024-12-08T18:06:49+00:00,121499
files-private.formstack.com,uploads/5956001/174416738/1296175091/174416738_.docx,2024-12-12T14:29:38+00:00,13997
files-private.formstack.com,uploads/5956001/174416738/1298169716/174416738_.docx,2024-12-18T04:41:10+00:00,13427
files-private.formstack.com,uploads/5956001/174416738/1298544044/174416738_esperanza_directors.docx,2024-12-19T08:12:27+00:00,14625
files-private.formstack.com,uploads/5956001/174416738/1299523722/174416738_elcss_.docx,2024-12-23T03:01:04+00:00,15881
files-private.formstack.com,uploads/5956001/174416738/1300257967/174416738_hiya1.docx,2024-12-27T03:01:38+00:00,261965
files-private.formstack.com,uploads/5956001/174416738/1301438668/174416738_dhcf_poweautomate_flows.docx,2025-01-02T06:29:19+00:00,510155
files-private.formstack.com,uploads/5956001/174416738/1301439315/174416738_dhcf_poweautomate_flows.docx,2025-01-02T06:38:54+00:00,510155
files-private.formstack.com,uploads/5956001/174416738/1301750235/174416738_sbhk_executive_committee_2023.docx,2025-01-03T02:54:59+00:00,15854
files-private.formstack.com,uploads/5956001/174416738/1302480966/174416738_list_of_the_full_names_d_h_chen_foundation.docx,2025-01-06T05:34:29+00:00,13017
files-private.formstack.com,uploads/5956001/174416738/1305170744/174416738_.docx,2025-01-14T17:21:03+00:00,13997
files-private.formstack.com,uploads/5956001/174416738/1306539776/174416738_members_of_pfa_2025.docx,2025-01-18T10:08:53+00:00,15076
files-private.formstack.com,uploads/5956001/174416738/1307582998/174416738_4._.docx,2025-01-22T06:32:50+00:00,7852
files-private.formstack.com,uploads/5956001/174416738/1307594673/174416738_councillors.docx,2025-01-22T08:45:20+00:00,16917
files-private.formstack.com,uploads/5956001/174416738/1307927277/174416738_14._list_of_executive_committee.docx,2025-01-23T05:06:33+00:00,19683
files-private.formstack.com,uploads/5956001/174416738/1307951273/174416738_configuration_plan_formstack_20240124.docx,2025-01-23T09:18:23+00:00,1618249
files-private.formstack.com,uploads/5956001/174416738/1307951795/174416738_configuration_plan_formstack_20240124.docx,2025-01-23T09:24:27+00:00,1618249
files-private.formstack.com,uploads/5956001/174416738/1311902823/174416738_hkfyg_board_list.docx,2025-02-05T06:39:39+00:00,38759
files-private.formstack.com,uploads/5956001/174416738/1313269011/174416738_4_board_of_director_founder_executive_committee.docx,2025-02-09T11:27:35+00:00,1208052
files-private.formstack.com,uploads/5956001/174416739/1271570819/174416739_dhcf_test_doc.docx,2024-10-02T09:16:54+00:00,12000
files-private.formstack.com,uploads/5956001/174416739/1280801692/174416739_current_members.docx,2024-10-29T05:14:20+00:00,11951
files-private.formstack.com,uploads/5956001/174416739/1281189874/174416739_full_names_in_chinese_and_english_and_titles_of_chief_executive_officer.docx,2024-10-30T02:43:04+00:00,13320
files-private.formstack.com,uploads/5956001/174416739/1286254619/174416739_board_and_management_list.docx,2024-11-13T07:26:59+00:00,181748
files-private.formstack.com,uploads/5956001/174416739/1290667170/174416739_04_list_of_members__ed.docx,2024-11-25T08:57:45+00:00,290553
files-private.formstack.com,uploads/5956001/174416739/1291492803/174416739_list_of_the_executive_officers_of_the_ecupl.docx,2024-11-27T11:04:00+00:00,16937
files-private.formstack.com,uploads/5956001/174416739/1291997909/174416739_hong_kong_sheng_kung_hui_welfare_council_limited-_executive_committee.docx,2024-11-29T09:39:44+00:00,16863
files-private.formstack.com,uploads/5956001/174416739/1294205328/174416739_management_committee_of_s.o.a.r._.docx,2024-12-06T07:20:56+00:00,525496
files-private.formstack.com,uploads/5956001/174416739/1294209641/174416739_management_committee_of_s.o.a.r._.docx,2024-12-06T07:59:32+00:00,525496
files-private.formstack.com,uploads/5956001/174416739/1294796449/174416739_chief_executive_of_the_organization.docx,2024-12-08T18:06:50+00:00,121441
files-private.formstack.com,uploads/5956001/174416739/1296175091/174416739_.docx,2024-12-12T14:29:39+00:00,13997
files-private.formstack.com,uploads/5956001/174416739/1298169716/174416739_principal.docx,2024-12-18T04:41:10+00:00,11834
files-private.formstack.com,uploads/5956001/174416739/1298544044/174416739_esperanza_co-founder.docx,2024-12-19T08:12:28+00:00,15590
files-private.formstack.com,uploads/5956001/174416739/1299523722/174416739_elcss_.docx,2024-12-23T03:01:04+00:00,15881
files-private.formstack.com,uploads/5956001/174416739/1300257967/174416739_hiya_info.docx,2024-12-27T03:01:38+00:00,24531
files-private.formstack.com,uploads/5956001/174416739/1301438668/174416739_dhcf_poweautomate_flows.docx,2025-01-02T06:29:19+00:00,510155
files-private.formstack.com,uploads/5956001/174416739/1301439315/174416739_dhcf_poweautomate_flows.docx,2025-01-02T06:38:54+00:00,510155
files-private.formstack.com,uploads/5956001/174416739/1301750235/174416739_sbhk_executive_director.docx,2025-01-03T02:54:59+00:00,13886
files-private.formstack.com,uploads/5956001/174416739/1302480966/174416739_list_of_the_full_names_d_h_chen_foundation.docx,2025-01-06T05:34:29+00:00,13017
files-private.formstack.com,uploads/5956001/174416739/1305170744/174416739_.docx,2025-01-14T17:21:03+00:00,13997
files-private.formstack.com,uploads/5956001/174416739/1306539776/174416739_members_of_pfa_2025.docx,2025-01-18T10:08:54+00:00,15076
files-private.formstack.com,uploads/5956001/174416739/1307582998/174416739_4._.docx,2025-01-22T06:32:50+00:00,7852
files-private.formstack.com,uploads/5956001/174416739/1307594673/174416739_paid_staff.docx,2025-01-22T08:45:20+00:00,15211
files-private.formstack.com,uploads/5956001/174416739/1307927277/174416739_15._.docx,2025-01-23T05:06:33+00:00,17883
files-private.formstack.com,uploads/5956001/174416739/1307951273/174416739_configuration_plan_formstack_20240124.docx,2025-01-23T09:18:24+00:00,1618249
files-private.formstack.com,uploads/5956001/174416739/1307951795/174416739_configuration_plan_formstack_20240124.docx,2025-01-23T09:24:28+00:00,1618249
files-private.formstack.com,uploads/5956001/174416739/1311902823/174416739_hkfyg_corpgov_list.docx,2025-02-05T06:39:39+00:00,20032
files-private.formstack.com,uploads/5956001/174416739/1313269011/174416739_5_administrative_team.docx,2025-02-09T11:27:36+00:00,64031
files-private.formstack.com,uploads/5956001/174416740/1271570819/174416740_dhcf_test_pdf.pdf,2024-10-02T09:16:54+00:00,14171
files-private.formstack.com,uploads/5956001/174416740/1280801692/174416740_2021-4-1_to_2022-3-31.pdf,2024-10-29T05:14:20+00:00,2858616
files-private.formstack.com,uploads/5956001/174416740/1281189874/174416740_annual-report-22-23_hksr-book-version.pdf,2024-10-30T02:43:04+00:00,22546032
files-private.formstack.com,uploads/5956001/174416740/1291997909/174416740_2022-2023_.pdf,2024-11-29T09:39:44+00:00,71192971
files-private.formstack.com,uploads/5956001/174416740/1294205328/174416740_s.o.a.r._annual_report_2023_digital_copy.pdf,2024-12-06T07:20:56+00:00,4262969
files-private.formstack.com,uploads/5956001/174416740/1294209641/174416740_s.o.a.r._annual_report_2023_digital_copy.pdf,2024-12-06T07:59:32+00:00,4262969
files-private.formstack.com,uploads/5956001/174416740/1294796449/174416740_the_latest_annual_return.pdf,2024-12-08T18:06:50+00:00,267769
files-private.formstack.com,uploads/5956001/174416740/1296175091/174416740_2023.pdf,2024-12-12T14:29:39+00:00,442281
files-private.formstack.com,uploads/5956001/174416740/1298169716/174416740_2023-24.pdf,2024-12-18T04:41:11+00:00,2521591
files-private.formstack.com,uploads/5956001/174416740/1298544044/174416740_2023_annual_report.pdf,2024-12-19T08:12:28+00:00,4477579
files-private.formstack.com,uploads/5956001/174416740/1299523722/174416740_elcss_latest_annual_report_2022-2023.pdf,2024-12-23T03:01:05+00:00,33914536
files-private.formstack.com,uploads/5956001/174416740/1301438668/174416740_poc_demo_2_20240416.pdf,2025-01-02T06:29:19+00:00,147660
files-private.formstack.com,uploads/5956001/174416740/1301439315/174416740_poc_demo_2_20240416.pdf,2025-01-02T06:38:54+00:00,147660
files-private.formstack.com,uploads/5956001/174416740/1301750235/174416740_sbhk_annual_report_2023.pdf,2025-01-03T02:54:59+00:00,26958180
files-private.formstack.com,uploads/5956001/174416740/1305170744/174416740_2023.pdf,2025-01-14T17:21:03+00:00,442281
files-private.formstack.com,uploads/5956001/174416740/1307594673/174416740_annual_report_2024_final.pdf,2025-01-22T08:45:20+00:00,8480251
files-private.formstack.com,uploads/5956001/174416740/1307927277/174416740_16._annual_report_23-24.pdf,2025-01-23T05:06:34+00:00,59401821
files-private.formstack.com,uploads/5956001/174416740/1307951273/174416740_salesforce_authenticator_login_guideline.pdf,2025-01-23T09:18:24+00:00,531370
files-private.formstack.com,uploads/5956001/174416740/1307951795/174416740_salesforce_authenticator_login_guideline.pdf,2025-01-23T09:24:28+00:00,531370
files-private.formstack.com,uploads/5956001/174416740/1311902823/174416740_hkfyg-annual-report-23-24.pdf,2025-02-05T06:39:39+00:00,37017544
files-private.formstack.com,uploads/5956001/174416740/1313269011/174416740_6_2024_y26_-_audit_report_2024.3.31.pdf,2025-02-09T11:27:36+00:00,2871864
files-private.formstack.com,uploads/5956001/174416741/1271570819/174416741_dhcf_test_pdf.pdf,2024-10-02T09:16:55+00:00,14171
files-private.formstack.com,uploads/5956001/174416741/1280801692/174416741_spgahk_afs_2023_signed.pdf,2024-10-29T05:14:21+00:00,798266
files-private.formstack.com,uploads/5956001/174416741/1281189874/174416741_hksr_audited_financial_statements_31_mar_2024.pdf,2024-10-30T02:43:05+00:00,16862867
files-private.formstack.com,uploads/5956001/174416741/1286254619/174416741_.pdf,2024-11-13T07:27:00+00:00,1214627
files-private.formstack.com,uploads/5956001/174416741/1290667170/174416741_06_mill6_audited_accounts_for_year_ended_31.3.2023.pdf,2024-11-25T08:57:45+00:00,15630053
files-private.formstack.com,uploads/5956001/174416741/1291492803/174416741_.pdf,2024-11-27T11:04:00+00:00,193600
files-private.formstack.com,uploads/5956001/174416741/1291997909/174416741_annual_financial_statement.pdf,2024-11-29T09:39:45+00:00,228789
files-private.formstack.com,uploads/5956001/174416741/1294205328/174416741_copy_of_audited_account_2023_1.pdf,2024-12-06T07:20:57+00:00,4289162
files-private.formstack.com,uploads/5956001/174416741/1294209641/174416741_copy_of_audited_account_2023_1.pdf,2024-12-06T07:59:33+00:00,4289162
files-private.formstack.com,uploads/5956001/174416741/1294796449/174416741_the_latest_audit_report.pdf,2024-12-08T18:06:50+00:00,268029
files-private.formstack.com,uploads/5956001/174416741/1296175091/174416741_2023.pdf,2024-12-12T14:29:39+00:00,442281
files-private.formstack.com,uploads/5956001/174416741/1298169716/174416741_aduit_report_22-23.pdf,2024-12-18T04:41:11+00:00,2662228
files-private.formstack.com,uploads/5956001/174416741/1298544044/174416741_2023_audit_report.pdf,2024-12-19T08:12:28+00:00,782787
files-private.formstack.com,uploads/5956001/174416741/1299523722/174416741_elcss_latest_audited_financial_statement_2023.pdf,2024-12-23T03:01:05+00:00,2284430
files-private.formstack.com,uploads/5956001/174416741/1300257967/174416741_hong_kong_international_youth_artists_society_limited_-_ye_20230331.pdf,2024-12-27T03:01:38+00:00,3285518
files-private.formstack.com,uploads/5956001/174416741/1301438668/174416741_poc_demo_2_20240416.pdf,2025-01-02T06:29:20+00:00,147660
files-private.formstack.com,uploads/5956001/174416741/1301439315/174416741_poc_demo_2_20240416.pdf,2025-01-02T06:38:54+00:00,147660
files-private.formstack.com,uploads/5956001/174416741/1301750235/174416741_sbhk_financial_statement_2023_24.pdf,2025-01-03T02:55:00+00:00,1208098
files-private.formstack.com,uploads/5956001/174416741/1302480966/174416741_currently_we_are_setting_up_the_company_with_limited_shares.pdf,2025-01-06T05:34:29+00:00,41432
files-private.formstack.com,uploads/5956001/174416741/1305170744/174416741_2023.pdf,2025-01-14T17:21:04+00:00,442281
files-private.formstack.com,uploads/5956001/174416741/1306539776/174416741_2023_nar_2023_signed_audited_account_filed.pdf,2025-01-18T10:08:54+00:00,2903709
files-private.formstack.com,uploads/5956001/174416741/1307582998/174416741_annual_report_audited_financial_statement.pdf,2025-01-22T06:32:50+00:00,56763
files-private.formstack.com,uploads/5956001/174416741/1307594673/174416741_signed_auditor_report_130924.pdf,2025-01-22T08:45:21+00:00,768177
files-private.formstack.com,uploads/5956001/174416741/1307927277/174416741_17._consolidated_financial_statements_2023-24.pdf,2025-01-23T05:06:35+00:00,1199474
files-private.formstack.com,uploads/5956001/174416741/1307951273/174416741_salesforce_authenticator_login_guideline.pdf,2025-01-23T09:18:24+00:00,531370
files-private.formstack.com,uploads/5956001/174416741/1307951795/174416741_salesforce_authenticator_login_guideline.pdf,2025-01-23T09:24:28+00:00,531370
files-private.formstack.com,uploads/5956001/174416741/1311902823/174416741_audited_account_hkfyg_2023-2024.pdf,2025-02-05T06:39:40+00:00,13203774
files-private.formstack.com,uploads/5956001/174416741/1313269011/174416741_7_2024_financial_statements_2024.3.31.pdf,2025-02-09T11:27:36+00:00,4976859
files-private.formstack.com,uploads/5956001/174416765/1271570819/174416765_dhcf_test_pdf.pdf,2024-10-02T09:16:55+00:00,14171
files-private.formstack.com,uploads/5956001/174416765/1280801692/174416765_x__2024.10.26.pdf,2024-10-29T05:14:21+00:00,905690
files-private.formstack.com,uploads/5956001/174416765/1281189874/174416765__20241025_.pdf,2024-10-30T02:43:06+00:00,985180
files-private.formstack.com,uploads/5956001/174416765/1286254619/174416765_.pdf,2024-11-13T07:27:00+00:00,1214627
files-private.formstack.com,uploads/5956001/174416765/1290667170/174416765_chat_proposal_to_dhcf_241125.pdf,2024-11-25T08:57:46+00:00,1396840
files-private.formstack.com,uploads/5956001/174416765/1291492803/174416765_.pdf,2024-11-27T11:04:00+00:00,969774
files-private.formstack.com,uploads/5956001/174416765/1291997909/174416765_-_.pdf,2024-11-29T09:39:46+00:00,1226340
files-private.formstack.com,uploads/5956001/174416765/1294205328/174416765_note_to_donors_for_s.o.a.r.s_dyslexic_program_v2_21-mth.pdf,2024-12-06T07:20:57+00:00,298657
files-private.formstack.com,uploads/5956001/174416765/1294209641/174416765_note_to_donors_for_s.o.a.r.s_dyslexic_program_v2_21-mth.pdf,2024-12-06T07:59:33+00:00,298657
files-private.formstack.com,uploads/5956001/174416765/1294796449/174416765_.pdf,2024-12-08T18:06:50+00:00,3512421
files-private.formstack.com,uploads/5956001/174416765/1296175091/174416765_.pdf,2024-12-12T14:29:39+00:00,51536772
files-private.formstack.com,uploads/5956001/174416765/1298169716/174416765_programme_proposal_2.pdf,2024-12-18T04:41:12+00:00,1527212
files-private.formstack.com,uploads/5956001/174416765/1298544044/174416765_esperanza_proposal_to_d_h_chen_foundation.pdf,2024-12-19T08:12:29+00:00,299654
files-private.formstack.com,uploads/5956001/174416765/1299523722/174416765_elcss_embrace_your_heart_2.0-traditional_chinese_medicine_community_based_youth_mental_health_support_program_proposal.pdf,2024-12-23T03:01:06+00:00,18663169
files-private.formstack.com,uploads/5956001/174416765/1300257967/174416765_hiya_green_growth_v7_ppt.pdf,2024-12-27T03:01:39+00:00,18988557
files-private.formstack.com,uploads/5956001/174416765/1301438668/174416765_poc_demo_2_20240416.pdf,2025-01-02T06:29:20+00:00,147660
files-private.formstack.com,uploads/5956001/174416765/1301439315/174416765_poc_demo_4_20240606.pdf,2025-01-02T06:38:55+00:00,1136615
files-private.formstack.com,uploads/5956001/174416765/1301750235/174416765_sbhk_act_on_suicide_proposal.pdf,2025-01-03T02:55:00+00:00,346314
files-private.formstack.com,uploads/5956001/174416765/1302480966/174416765_d.h.chen_foundation.pdf,2025-01-06T05:34:29+00:00,16188244
files-private.formstack.com,uploads/5956001/174416765/1305170744/174416765_2025-20271-10.pdf,2025-01-14T17:21:04+00:00,16331982
files-private.formstack.com,uploads/5956001/174416765/1306539776/174416765_pfa-.pdf,2025-01-18T10:08:54+00:00,153190
files-private.formstack.com,uploads/5956001/174416765/1307582998/174416765_1._.pdf,2025-01-22T06:32:51+00:00,1098327
files-private.formstack.com,uploads/5956001/174416765/1307594673/174416765_v2__cash_sponsor.pdf,2025-01-22T08:45:21+00:00,642674
files-private.formstack.com,uploads/5956001/174416765/1307927277/174416765_the_d._h._chen_foundation.pdf,2025-01-23T05:06:35+00:00,1162252
files-private.formstack.com,uploads/5956001/174416765/1307951273/174416765_salesforce_authenticator_login_guideline.pdf,2025-01-23T09:18:25+00:00,531370
files-private.formstack.com,uploads/5956001/174416765/1307951795/174416765_salesforce_authenticator_login_guideline.pdf,2025-01-23T09:24:28+00:00,531370
files-private.formstack.com,uploads/5956001/174416765/1311902823/174416765_dhcf_hkfyg_cyp_iapt_concept_paper.pdf,2025-02-05T06:39:40+00:00,590808
files-private.formstack.com,uploads/5956001/174416765/1313269011/174416765_concept_note.pdf,2025-02-09T11:27:36+00:00,1464328
files-private.formstack.com,uploads/5956001/174416767/1280801692/174416767_.pdf,2024-10-29T05:14:22+00:00,150608
files-private.formstack.com,uploads/5956001/174416767/1286254619/174416767__20240829.xlsx,2024-11-13T07:27:00+00:00,22141
files-private.formstack.com,uploads/5956001/174416767/1294205328/174416767_proposed_budget_for_s.o.a.r.s_dyslexic_program.pdf,2024-12-06T07:20:58+00:00,203722
files-private.formstack.com,uploads/5956001/174416767/1294209641/174416767_proposed_budget_for_s.o.a.r.s_dyslexic_program.pdf,2024-12-06T07:59:34+00:00,203722
files-private.formstack.com,uploads/5956001/174416767/1294796449/174416767_2024_digital_health-rhythmic-musical-intervention-improves-response-time-of-memory-tests.pdf,2024-12-08T18:06:51+00:00,472666
files-private.formstack.com,uploads/5956001/174416767/1296175091/174416767_img_1033.pdf,2024-12-12T14:29:40+00:00,141995
files-private.formstack.com,uploads/5956001/174416767/1298169716/174416767_three_key_partners_bio.pdf,2024-12-18T04:41:12+00:00,134573
files-private.formstack.com,uploads/5956001/174416767/1300257967/174416767_hiya_.pdf,2024-12-27T03:01:39+00:00,13038554
files-private.formstack.com,uploads/5956001/174416767/1301438668/174416767_poc_demo_2_20240416.pdf,2025-01-02T06:29:20+00:00,147660
files-private.formstack.com,uploads/5956001/174416767/1301439315/174416767_poc_demo_2_20240416.pdf,2025-01-02T06:38:55+00:00,147660
files-private.formstack.com,uploads/5956001/174416767/1301750235/174416767_sbhk_act_on_suicide_budget_plan.pdf,2025-01-03T02:55:01+00:00,162915
files-private.formstack.com,uploads/5956001/174416767/1305170744/174416767_2025-20276.1.pdf,2025-01-14T17:21:04+00:00,24200452
files-private.formstack.com,uploads/5956001/174416767/1307582998/174416767_2._2.pdf,2025-01-22T06:32:51+00:00,184944
files-private.formstack.com,uploads/5956001/174416767/1307594673/174416767_report_for_tai_chi_2024.pdf,2025-01-22T08:45:21+00:00,433551
files-private.formstack.com,uploads/5956001/174416767/1307951795/174416767_configuration_plan_formstack_20240124.docx,2025-01-23T09:24:29+00:00,1618249
files-private.formstack.com,uploads/5956001/174416767/1311902823/174416767_dhcf_hkfyg_cyp_iapt_budget_plan.xlsx,2025-02-05T06:39:40+00:00,52484
files-private.formstack.com,uploads/5956001/174416767/1313269011/174416767_s1_420_draft_poster.pdf,2025-02-09T11:27:37+00:00,10975410
files-private.formstack.com,uploads/5956001/174416769/1280801692/174416769_.pdf,2024-10-29T05:14:22+00:00,5802561
files-private.formstack.com,uploads/5956001/174416769/1294205328/174416769_2023-05_.pdf,2024-12-06T07:20:58+00:00,1284032
files-private.formstack.com,uploads/5956001/174416769/1294209641/174416769_2023-05_.pdf,2024-12-06T07:59:34+00:00,1284032
files-private.formstack.com,uploads/5956001/174416769/1294796449/174416769_supplimentary_1.pdf,2024-12-08T18:06:51+00:00,883321
files-private.formstack.com,uploads/5956001/174416769/1298169716/174416769_winnie_fung_trainer_profile_2024.pdf,2024-12-18T04:41:13+00:00,661275
files-private.formstack.com,uploads/5956001/174416769/1300257967/174416769_20210305_-_ctc_aa_-_hk_international_youth.pdf,2024-12-27T03:01:40+00:00,1100030
files-private.formstack.com,uploads/5956001/174416769/1301438668/174416769_poc_demo_2_20240416.pdf,2025-01-02T06:29:20+00:00,147660
files-private.formstack.com,uploads/5956001/174416769/1301439315/174416769_poc_demo_4_20240606_1.pdf,2025-01-02T06:38:55+00:00,1152042
files-private.formstack.com,uploads/5956001/174416769/1305170744/174416769_2025-20276.2.pdf,2025-01-14T17:21:05+00:00,15772666
files-private.formstack.com,uploads/5956001/174416769/1307582998/174416769_prove_and_itinerary.pdf,2025-01-22T06:32:51+00:00,556256
files-private.formstack.com,uploads/5956001/174416769/1307951795/174416769_configuration_plan_formstack_20240124.docx,2025-01-23T09:24:29+00:00,1618249
files-private.formstack.com,uploads/5956001/174416769/1313269011/174416769_s2_yy_music_for_carers_yy_community_orchestra.pdf,2025-02-09T11:27:37+00:00,13762990
files-private.formstack.com,uploads/5956001/174416771/1280801692/174416771_.pdf,2024-10-29T05:14:23+00:00,1054987
files-private.formstack.com,uploads/5956001/174416771/1301438668/174416771_poc_demo_4_20240606.pdf,2025-01-02T06:29:21+00:00,1136615
files-private.formstack.com,uploads/5956001/174416771/1301439315/174416771_poc_demo_4_20240606.pdf,2025-01-02T06:38:55+00:00,1136615
files-private.formstack.com,uploads/5956001/174416771/1305170744/174416771_2025-20276.3-6.4.pdf,2025-01-14T17:21:06+00:00,23973825
files-private.formstack.com,uploads/5956001/174416771/1307582998/174416771_quotation.pdf,2025-01-22T06:32:51+00:00,2987678
files-private.formstack.com,uploads/5956001/174416771/1307951795/174416771_configuration_plan_formstack_20240124.docx,2025-01-23T09:24:29+00:00,1618249
files-private.formstack.com,uploads/5956001/174416771/1313269011/174416771_s3_yycma_administrative_structure.pdf,2025-02-09T11:27:37+00:00,157116
files.formstack.com,uploads/5956001/,NO ITEMS FOUND,0
files-private.formstack.com,uploads/5957851/174497783/1275806982/174497783_org_chart_kto_under_hkbu.pdf,2024-10-15T10:32:08+00:00,385680
files-private.formstack.com,uploads/5957851/174497783/1305014239/174497783_dhcf_test_doc.pdf,2025-01-14T03:57:49+00:00,8759
files-private.formstack.com,uploads/5957851/174497783/1306906894/174497783_sklmn_org_chart_.pdf,2025-01-20T01:18:26+00:00,20672
files-private.formstack.com,uploads/5957851/174497784/1275806982/174497784_org_chart_governance_of_kto.docx,2024-10-15T10:32:08+00:00,25243
files-private.formstack.com,uploads/5957851/174497784/1305014239/174497784_test_doc.docx,2025-01-14T03:57:49+00:00,13188
files-private.formstack.com,uploads/5957851/174497784/1306906894/174497784_governance_structure_sklmn.docx,2025-01-20T01:18:26+00:00,28786
files-private.formstack.com,uploads/5957851/174497785/1275806982/174497785_hkbu_kto_key_responsible_person.docx,2024-10-15T10:32:09+00:00,21392
files-private.formstack.com,uploads/5957851/174497785/1305014239/174497785_test_doc.docx,2025-01-14T03:57:50+00:00,13188
files-private.formstack.com,uploads/5957851/174497785/1306906894/174497785_name_list_for_key_persons.docx,2025-01-20T01:18:27+00:00,19995
files-private.formstack.com,uploads/5957851/174497809/1275806982/174497809_the_d._h._chen_foundation_donation_proposal.pdf,2024-10-15T10:32:09+00:00,381986
files-private.formstack.com,uploads/5957851/174497809/1305014239/174497809_dhcf_test_doc.pdf,2025-01-14T03:57:50+00:00,8759
files-private.formstack.com,uploads/5957851/174497809/1306906894/174497809_the_d._h._chen_foundation_community_project_full_proposal_-_20250116.pdf,2025-01-20T01:18:27+00:00,2494040
files-private.formstack.com,uploads/5957851/174497811/1306906894/174497811_community_project_proposal_budget_-_20250116.xlsx,2025-01-20T01:18:27+00:00,589757
files.formstack.com,uploads/5957851/,NO ITEMS FOUND,0
files.formstack.com,public/1143838/785315_tmpl_head_670de0d65dde0.,2024-10-15T03:26:15+00:00,74910
files.formstack.com,public/1143838/812773_tmpl_head_65d2d8b8a1e7e.,2024-10-15T03:20:25+00:00,26671
files.formstack.com,public/1143838/812773_tmpl_head_670ddf97e696d.,2024-10-15T03:20:56+00:00,74910
files.formstack.com,public/1143838/812774_tmpl_head_65d2d8b8a1e7e.,2024-10-15T03:23:09+00:00,26671
files.formstack.com,public/1143838/812774_tmpl_head_670de08b3218b.,2024-10-15T03:25:00+00:00,74910
files.formstack.com,public/1143838/812774_tmpl_head_670de0a1c1453.,2024-10-15T03:25:22+00:00,74910
files.formstack.com,public/1143838/image_2024061910.41.21.png,2024-06-19T15:18:49+00:00,51478
files.formstack.com,public/1143838/image_sign.png,2024-06-21T10:01:36+00:00,15869
